{"cameraMode":{"drawMode":0,"name":"Shaded","section":"Shading Mode"},"sceneLighting":true,"audioPlay":false,"sceneViewState":{"showFog":true,"showMaterialUpdate":false,"showSkybox":true,"showFlares":true,"showImageEffects":true,"showParticleSystems":true},"in2DMode":false,"pivot":{"x":52.57118225097656,"y":2.22003173828125,"z":21.652584075927736},"rotation":{"x":-0.40013566613197329,"y":0.4932880401611328,"z":-0.27321773767471316,"w":-0.7224356532096863},"size":82.07654571533203,"orthographic":false}