{"cameraMode":{"drawMode":0,"name":"Shaded","section":"Shading Mode"},"sceneLighting":false,"audioPlay":false,"sceneViewState":{"showFog":true,"showMaterialUpdate":false,"showSkybox":false,"showFlares":true,"showImageEffects":true,"showParticleSystems":true},"in2DMode":false,"pivot":{"x":8.366650581359864,"y":1.830967903137207,"z":2.064469814300537},"rotation":{"x":-0.5691301822662354,"y":0.11427106708288193,"z":-0.08025895059108734,"w":-0.8103074431419373},"size":6.191751480102539,"orthographic":false}