{"cameraMode":{"drawMode":0,"name":"Shaded","section":"Shading Mode"},"sceneLighting":true,"audioPlay":false,"sceneViewState":{"showFog":true,"showMaterialUpdate":false,"showSkybox":true,"showFlares":true,"showImageEffects":true,"showParticleSystems":true},"in2DMode":false,"pivot":{"x":-117.35482788085938,"y":-185.90682983398438,"z":10.482680320739746},"rotation":{"x":-0.30620986223220827,"y":0.639908492565155,"z":-0.30933016538619997,"w":-0.6333433389663696},"size":312.507568359375,"orthographic":false}