{"cameraMode":{"drawMode":0,"name":"Shaded","section":"Shading Mode"},"sceneLighting":false,"audioPlay":false,"sceneViewState":{"showFog":true,"showMaterialUpdate":false,"showSkybox":false,"showFlares":true,"showImageEffects":true,"showParticleSystems":true},"in2DMode":false,"pivot":{"x":-4.299705982208252,"y":4.349111557006836,"z":2.6919288635253908},"rotation":{"x":-0.08852376788854599,"y":0.9041191935539246,"z":-0.349958211183548,"w":-0.22869887948036195},"size":12.848904609680176,"orthographic":false}