{"cameraMode":{"drawMode":0,"name":"Shaded","section":"Shading Mode"},"sceneLighting":true,"audioPlay":false,"sceneViewState":{"showFog":true,"showMaterialUpdate":false,"showSkybox":true,"showFlares":true,"showImageEffects":true,"showParticleSystems":true},"in2DMode":false,"pivot":{"x":-6.6345367431640629,"y":-7.3378753662109379,"z":297.3146667480469},"rotation":{"x":-0.26552027463912966,"y":0.6866947412490845,"z":-0.3007587194442749,"w":-0.6062461137771606},"size":47.23953628540039,"orthographic":false}