{"cameraMode":{"drawMode":0,"name":"Shaded","section":"Shading Mode"},"sceneLighting":true,"audioPlay":false,"sceneViewState":{"showFog":true,"showMaterialUpdate":false,"showSkybox":true,"showFlares":true,"showImageEffects":true,"showParticleSystems":true},"in2DMode":false,"pivot":{"x":49.83998489379883,"y":45.54193878173828,"z":296.5643005371094},"rotation":{"x":-0.21010740101337434,"y":0.6663234233856201,"z":-0.20415380597114564,"w":-0.6857350468635559},"size":11.061546325683594,"orthographic":false}