{"cameraMode":{"drawMode":0,"name":"Shaded","section":"Shading Mode"},"sceneLighting":true,"audioPlay":false,"sceneViewState":{"showFog":true,"showMaterialUpdate":false,"showSkybox":true,"showFlares":true,"showImageEffects":true,"showParticleSystems":true},"in2DMode":false,"pivot":{"x":-37.98601150512695,"y":44.046302795410159,"z":-26.438173294067384},"rotation":{"x":-0.40013566613197329,"y":0.4932880401611328,"z":-0.27321773767471316,"w":-0.7224356532096863},"size":95.9594955444336,"orthographic":false}