{"cameraMode":{"drawMode":0,"name":"Shaded","section":"Shading Mode"},"sceneLighting":false,"audioPlay":false,"sceneViewState":{"showFog":true,"showMaterialUpdate":false,"showSkybox":false,"showFlares":true,"showImageEffects":true,"showParticleSystems":true},"in2DMode":false,"pivot":{"x":9.5367431640625e-7,"y":1.9500000476837159,"z":-0.000002384185791015625},"rotation":{"x":-0.5691301822662354,"y":0.11427106708288193,"z":-0.08025895059108734,"w":-0.8103074431419373},"size":14.289945602416993,"orthographic":false}