{"cameraMode":{"drawMode":0,"name":"Shaded","section":"Shading Mode"},"sceneLighting":true,"audioPlay":false,"sceneViewState":{"showFog":true,"showMaterialUpdate":false,"showSkybox":true,"showFlares":true,"showImageEffects":true,"showParticleSystems":true},"in2DMode":false,"pivot":{"x":22.76903533935547,"y":-39.114105224609378,"z":-53.46925354003906},"rotation":{"x":-0.0061578997410833839,"y":-0.954605758190155,"z":0.29718872904777529,"w":-0.019768623635172845},"size":197.72142028808595,"orthographic":false}