{"cameraMode":{"drawMode":0,"name":"Shaded","section":"Shading Mode"},"sceneLighting":true,"audioPlay":false,"sceneViewState":{"showFog":true,"showMaterialUpdate":false,"showSkybox":true,"showFlares":true,"showImageEffects":true,"showParticleSystems":true},"in2DMode":false,"pivot":{"x":58.18402099609375,"y":17.689010620117189,"z":-69.04557800292969},"rotation":{"x":-0.21010740101337434,"y":0.6663234233856201,"z":-0.20415380597114564,"w":-0.6857350468635559},"size":206.87298583984376,"orthographic":false}