{"cameraMode":{"drawMode":0,"name":"Shaded","section":"Shading Mode"},"sceneLighting":true,"audioPlay":false,"sceneViewState":{"showFog":true,"showMaterialUpdate":false,"showSkybox":true,"showFlares":true,"showImageEffects":true,"showParticleSystems":true},"in2DMode":false,"pivot":{"x":-74.96399688720703,"y":-195.68389892578126,"z":103.7117919921875},"rotation":{"x":-0.5691301822662354,"y":0.11427106708288193,"z":-0.08025895059108734,"w":-0.8103074431419373},"size":184.84884643554688,"orthographic":false}