{"cameraMode":{"drawMode":0,"name":"Shaded","section":"Shading Mode"},"sceneLighting":true,"audioPlay":false,"sceneViewState":{"showFog":true,"showMaterialUpdate":false,"showSkybox":true,"showFlares":true,"showImageEffects":true,"showParticleSystems":true},"in2DMode":false,"pivot":{"x":-184.50616455078126,"y":-178.44215393066407,"z":-168.81472778320313},"rotation":{"x":-0.30917391180992129,"y":0.6272857785224915,"z":-0.2986278235912323,"w":-0.6494508981704712},"size":245.61390686035157,"orthographic":false}