{"cameraMode":{"drawMode":0,"name":"Shaded","section":"Shading Mode"},"sceneLighting":false,"audioPlay":false,"sceneViewState":{"showFog":true,"showMaterialUpdate":false,"showSkybox":false,"showFlares":true,"showImageEffects":true,"showParticleSystems":true},"in2DMode":false,"pivot":{"x":8.430617332458496,"y":7.203945159912109,"z":-9.901336669921875},"rotation":{"x":0.3888607919216156,"y":-0.16984058916568757,"z":0.07317634671926499,"w":0.9025558829307556},"size":11.911260604858399,"orthographic":false}