{"cameraMode":{"drawMode":0,"name":"Shaded","section":"Shading Mode"},"sceneLighting":false,"audioPlay":false,"sceneViewState":{"showFog":true,"showMaterialUpdate":false,"showSkybox":false,"showFlares":true,"showImageEffects":true,"showParticleSystems":true},"in2DMode":false,"pivot":{"x":11.86721420288086,"y":13.647353172302246,"z":-1.2421389818191529},"rotation":{"x":0.3888607919216156,"y":-0.16984058916568757,"z":0.07317634671926499,"w":0.9025558829307556},"size":10.769231796264649,"orthographic":false}