{"cameraMode":{"drawMode":0,"name":"Shaded","section":"Shading Mode"},"sceneLighting":false,"audioPlay":false,"sceneViewState":{"showFog":true,"showMaterialUpdate":false,"showSkybox":false,"showFlares":true,"showImageEffects":true,"showParticleSystems":true},"in2DMode":false,"pivot":{"x":5.33066987991333,"y":-6.184203624725342,"z":2.1738216876983644},"rotation":{"x":0.3020775020122528,"y":0.30176377296447756,"z":-0.1014496460556984,"w":0.8985608220100403},"size":29.71645736694336,"orthographic":false}