{"cameraMode":{"drawMode":0,"name":"Shaded","section":"Shading Mode"},"sceneLighting":true,"audioPlay":false,"sceneViewState":{"showFog":true,"showMaterialUpdate":false,"showSkybox":true,"showFlares":true,"showImageEffects":true,"showParticleSystems":true},"in2DMode":false,"pivot":{"x":-2.749053955078125,"y":57.445159912109378,"z":21.978246688842775},"rotation":{"x":-0.2572677731513977,"y":0.6892951726913452,"z":-0.2896542549133301,"w":-0.6122308373451233},"size":119.23726654052735,"orthographic":false}