{"cameraMode":{"drawMode":0,"name":"Shaded","section":"Shading Mode"},"sceneLighting":false,"audioPlay":false,"sceneViewState":{"showFog":true,"showMaterialUpdate":false,"showSkybox":false,"showFlares":true,"showImageEffects":true,"showParticleSystems":true},"in2DMode":false,"pivot":{"x":11.327555656433106,"y":1.9733409881591797,"z":3.3270316123962404},"rotation":{"x":-0.5691301822662354,"y":0.11427106708288193,"z":-0.08025895059108734,"w":-0.8103074431419373},"size":8.998785972595215,"orthographic":false}