{"cameraMode":{"drawMode":0,"name":"Shaded","section":"Shading Mode"},"sceneLighting":false,"audioPlay":false,"sceneViewState":{"showFog":true,"showMaterialUpdate":false,"showSkybox":false,"showFlares":true,"showImageEffects":true,"showParticleSystems":true},"in2DMode":false,"pivot":{"x":12.168747901916504,"y":21.887557983398439,"z":14.680747985839844},"rotation":{"x":0.13069915771484376,"y":0.13488565385341645,"z":-0.017948579043149949,"w":0.9820463061332703},"size":39.0413818359375,"orthographic":false}