{"cameraMode":{"drawMode":0,"name":"Shaded","section":"Shading Mode"},"sceneLighting":true,"audioPlay":false,"sceneViewState":{"showFog":true,"showMaterialUpdate":false,"showSkybox":true,"showFlares":true,"showImageEffects":true,"showParticleSystems":true},"in2DMode":false,"pivot":{"x":5.65350341796875,"y":0.15728759765625,"z":48.00191879272461},"rotation":{"x":-0.21010740101337434,"y":0.6663234233856201,"z":-0.20415380597114564,"w":-0.6857350468635559},"size":83.07018280029297,"orthographic":false}