{"cameraMode":{"drawMode":0,"name":"Shaded","section":"Shading Mode"},"sceneLighting":true,"audioPlay":false,"sceneViewState":{"showFog":true,"showMaterialUpdate":false,"showSkybox":true,"showFlares":true,"showImageEffects":true,"showParticleSystems":true},"in2DMode":false,"pivot":{"x":154.78695678710938,"y":-755.2406616210938,"z":381.2425231933594},"rotation":{"x":-0.4987519383430481,"y":-0.12533719837665559,"z":0.07328932732343674,"w":-0.8545807003974915},"size":458.6237487792969,"orthographic":false}