{"cameraMode":{"drawMode":0,"name":"Shaded","section":"Shading Mode"},"sceneLighting":true,"audioPlay":false,"sceneViewState":{"showFog":true,"showMaterialUpdate":false,"showSkybox":true,"showFlares":true,"showImageEffects":true,"showParticleSystems":true},"in2DMode":false,"pivot":{"x":1032.2564697265625,"y":-1284.7127685546875,"z":395.3420715332031},"rotation":{"x":0.3269037902355194,"y":0.5341009497642517,"z":-0.2349729984998703,"w":0.743526041507721},"size":1001.3682250976563,"orthographic":false}