{"cameraMode":{"drawMode":0,"name":"Shaded","section":"Shading Mode"},"sceneLighting":true,"audioPlay":false,"sceneViewState":{"showFog":true,"showMaterialUpdate":false,"showSkybox":true,"showFlares":true,"showImageEffects":true,"showParticleSystems":true},"in2DMode":false,"pivot":{"x":106.67975616455078,"y":2.0,"z":-16.871410369873048},"rotation":{"x":-0.18383269011974336,"y":-0.7020685076713562,"z":0.19566883146762849,"w":-0.6595843434333801},"size":9.068611145019532,"orthographic":false}